time,AccelerometerX,AccelerometerY,AccelerometerZ,Light
0.0050,0.0831,0.9762,0.3577,0.0
0.0570,0.0919,0.9430,0.3196,0.0
0.0580,0.0919,0.9430,0.3196,0.0
0.1040,0.0919,0.9430,0.3196,0.0
0.1080,-0.0322,0.9880,0.3909,0.0
0.1550,-0.0322,0.9880,0.3909,0.0
0.1670,-0.0322,0.9880,0.3909,0.0
0.1800,0.1075,0.9166,0.3274,0.0
0.2060,0.1075,0.9166,0.3274,0.0
0.2480,0.0743,0.9557,0.3831,0.0
0.2560,0.0743,0.9557,0.3831,0.0
0.3060,0.0743,0.9557,0.3831,0.0
0.3190,0.0371,0.9577,0.3244,0.0
0.3560,0.0371,0.9577,0.3244,0.0
0.3670,0.0371,0.9577,0.3244,0.0
0.3880,-0.0068,0.9460,0.3420,0.0
0.4070,-0.0068,0.9460,0.3420,0.0
0.4590,-0.0098,0.9616,0.4007,0.0
0.4630,-0.0098,0.9616,0.4007,0.0
0.5310,0.0459,0.9557,0.3889,0.0
0.5570,0.0459,0.9557,0.3889,0.0
0.5670,0.0459,0.9557,0.3889,0.0
0.5980,0.0625,0.9616,0.4085,0.0
0.6070,0.0625,0.9616,0.4085,0.0
0.6570,0.0625,0.9616,0.4085,0.0
0.6680,0.0831,0.9792,0.3968,0.0
0.7070,0.0831,0.9792,0.3968,0.0
0.7380,0.0684,0.9772,0.3489,0.0
0.7570,0.0684,0.9772,0.3489,0.0
0.7670,0.0684,0.9772,0.3489,0.0
0.8080,0.0684,0.9772,0.3489,0.0
0.8080,0.0293,0.9743,0.3645,0.0
0.8570,0.0293,0.9743,0.3645,0.0
0.8780,0.0166,0.9987,0.3498,0.0
0.9070,0.0166,0.9987,0.3498,0.0
0.9480,0.0831,0.9811,0.2599,0.0
0.9570,0.0831,0.9811,0.2599,0.0
0.9670,0.0831,0.9811,0.2599,0.0
1.0070,0.0831,0.9811,0.2599,0.0
1.0180,0.1212,0.9831,0.2365,0.0
1.0670,0.1212,0.9831,0.2365,0.0
1.0880,0.0498,0.9450,0.2130,0.0
1.1080,0.0498,0.9450,0.2130,0.0
1.1600,0.2228,0.9811,0.0635,0.0
1.1600,0.2228,0.9811,0.0635,0.0
1.1670,0.2228,0.9811,0.0635,0.0
1.2080,0.2228,0.9811,0.0635,0.0
1.2280,0.1857,0.9166,0.0508,0.0
1.2580,0.1857,0.9166,0.0508,0.0
1.2980,0.4036,0.8551,-0.1182,0.0
1.3080,0.4036,0.8551,-0.1182,0.0
1.3570,0.4036,0.8551,-0.1182,0.0
1.3760,0.4036,0.8551,-0.1182,0.0
1.3770,0.3665,0.8306,-0.0137,0.0
1.4100,0.3665,0.8306,-0.0137,0.0
1.4380,0.4417,0.8795,-0.0264,0.0
1.4590,0.4417,0.8795,-0.0264,0.0
1.5090,0.6655,0.6811,-0.1915,0.0
1.5090,0.6655,0.6811,-0.1915,0.0
1.5590,0.6655,0.6811,-0.1915,0.0
1.5670,0.6655,0.6811,-0.1915,0.0
1.5780,0.6088,0.7007,-0.2599,0.0
1.6090,0.6088,0.7007,-0.2599,0.0
1.6480,0.5218,0.7544,0.0381,0.0
1.6590,0.5218,0.7544,0.0381,0.0
1.7090,0.5218,0.7544,0.0381,0.0
1.7180,0.6284,0.5971,-0.2101,0.0
1.7580,0.6284,0.5971,-0.2101,0.0
1.7670,0.6284,0.5971,-0.2101,0.0
1.7880,0.5297,0.5756,-0.2189,0.0
1.8090,0.5297,0.5756,-0.2189,0.0
1.8580,0.6743,0.3889,0.0801,0.0
1.8620,0.6743,0.3889,0.0801,0.0
1.9100,0.6743,0.3889,0.0801,0.0
1.9280,0.5766,0.2384,-0.0772,0.0
1.9600,0.5766,0.2384,-0.0772,0.0
1.9670,0.5766,0.2384,-0.0772,0.0
1.9980,0.8023,0.0909,-0.2179,0.0
2.0090,0.8023,0.0909,-0.2179,0.0
2.0600,0.8023,0.0909,-0.2179,0.0
2.0680,0.6459,-0.1026,-0.1720,0.0
2.1110,0.6459,-0.1026,-0.1720,0.0
2.1380,0.4525,-0.1779,-0.6880,0.0
2.1610,0.4525,-0.1779,-0.6880,0.0
2.1670,0.4525,-0.1779,-0.6880,3.57550048828125
2.2080,0.9528,-0.5951,-0.8052,3.57550048828125
2.3090,0.9528,-0.5951,-0.8052,3.57550048828125
2.3090,0.9528,-0.5951,-0.8052,3.57550048828125
2.3090,0.9108,-0.4681,-0.7652,3.57550048828125
2.3130,0.9108,-0.4681,-0.7652,3.57550048828125
2.3470,0.7261,-0.4915,-0.6987,3.57550048828125
2.3600,0.7261,-0.4915,-0.6987,3.57550048828125
2.3660,0.7261,-0.4915,-0.6987,19.044452667236328
2.4110,0.7261,-0.4915,-0.6987,19.044452667236328
2.4940,0.4349,-0.4779,-0.5805,19.044452667236328
2.4940,0.4349,-0.4779,-0.5805,19.044452667236328
2.4940,0.4378,-0.6264,-0.6117,19.044452667236328
2.5120,0.4378,-0.6264,-0.6117,19.044452667236328
2.5590,0.3108,-0.6303,-0.5130,19.044452667236328
2.5630,0.3108,-0.6303,-0.5130,19.044452667236328
2.5670,0.3108,-0.6303,-0.5130,152.21034240722656
2.6190,0.3108,-0.6303,-0.5130,152.21034240722656
2.6290,0.3020,-0.6772,-0.6469,152.21034240722656
2.6980,0.0997,-0.8199,-0.5121,152.21034240722656
2.7130,0.0997,-0.8199,-0.5121,152.21034240722656
2.7630,0.0997,-0.8199,-0.5121,152.21034240722656
2.7680,0.0997,-0.8199,-0.5121,30.2175235748291
2.7680,-0.0743,-0.9968,-0.1280,30.2175235748291
2.8120,-0.0743,-0.9968,-0.1280,30.2175235748291
2.8380,0.0655,-1.1590,-0.2101,30.2175235748291
2.8630,0.0655,-1.1590,-0.2101,30.2175235748291
2.9080,0.0225,-1.3261,-0.2023,30.2175235748291
2.9140,0.0225,-1.3261,-0.2023,30.2175235748291
2.9640,0.0225,-1.3261,-0.2023,30.2175235748291
2.9680,0.0225,-1.3261,-0.2023,57.422821044921875
2.9780,0.1368,-1.3056,-0.2932,57.422821044921875
3.0140,0.1368,-1.3056,-0.2932,57.422821044921875
3.0480,-0.0264,-1.2841,-0.2199,57.422821044921875
3.0640,-0.0264,-1.2841,-0.2199,57.422821044921875
3.1140,-0.0264,-1.2841,-0.2199,57.422821044921875
3.1180,0.0440,-1.1805,-0.2248,57.422821044921875
3.1690,0.0440,-1.1805,-0.2248,57.422821044921875
3.1690,0.0440,-1.1805,-0.2248,4.493000030517578
3.1880,0.0352,-1.1570,-0.2590,4.493000030517578
3.2130,0.0352,-1.1570,-0.2590,4.493000030517578
3.2580,0.0997,-1.1903,-0.2717,4.493000030517578
3.2640,0.0997,-1.1903,-0.2717,4.493000030517578
3.3140,0.0997,-1.1903,-0.2717,4.493000030517578
3.3280,-0.0166,-1.1072,-0.2062,4.493000030517578
3.3640,-0.0166,-1.1072,-0.2062,4.493000030517578
3.3700,-0.0166,-1.1072,-0.2062,0.0
3.3990,-0.0244,-1.1121,-0.1231,0.0
3.4140,-0.0244,-1.1121,-0.1231,0.0
3.4630,-0.0244,-1.1121,-0.1231,0.0
3.4680,0.0068,-0.8824,-0.0831,0.0
3.5210,0.0068,-0.8824,-0.0831,0.0
3.5380,-0.0743,-0.9909,0.0000,0.0
3.5660,-0.0743,-0.9909,0.0000,0.0
3.5690,-0.0743,-0.9909,0.0000,0.0
3.6080,-0.0098,-1.1385,-0.0420,0.0
3.6150,-0.0098,-1.1385,-0.0420,0.0
3.6650,-0.0098,-1.1385,-0.0420,0.0
3.6820,0.0860,-1.0222,-0.0606,0.0
3.7170,0.0860,-1.0222,-0.0606,0.0
3.7480,-0.1397,-0.9860,0.0332,0.0
3.7680,-0.1397,-0.9860,0.0332,0.0
3.7680,-0.1397,-0.9860,0.0332,0.0
3.8160,-0.1397,-0.9860,0.0332,0.0
3.8210,-0.0645,-0.8492,-0.0137,0.0
3.8660,-0.0645,-0.8492,-0.0137,0.0
3.8880,-0.0039,-1.0554,-0.0352,0.0
3.9160,-0.0039,-1.0554,-0.0352,0.0
3.9580,0.0088,-1.0847,-0.0410,0.0
3.9670,0.0088,-1.0847,-0.0410,0.0
3.9700,0.0088,-1.0847,-0.0410,224.71044921875
4.0160,0.0088,-1.0847,-0.0410,224.71044921875
4.0310,-0.1026,-1.0564,-0.0088,224.71044921875
4.0660,-0.1026,-1.0564,-0.0088,224.71044921875
4.0980,-0.0625,-1.0701,-0.0332,224.71044921875
4.1160,-0.0625,-1.0701,-0.0332,224.71044921875
4.1670,-0.0625,-1.0701,-0.0332,224.71044921875
4.1680,-0.0518,-1.0114,-0.0371,224.71044921875
4.1690,-0.0518,-1.0114,-0.0371,253.74293518066406
4.2160,-0.0518,-1.0114,-0.0371,253.74293518066406
4.2380,-0.0117,-0.9938,-0.0625,253.74293518066406
4.2660,-0.0117,-0.9938,-0.0625,253.74293518066406
4.3080,-0.0322,-0.9802,-0.0704,253.74293518066406
4.3160,-0.0322,-0.9802,-0.0704,253.74293518066406
4.3670,-0.0322,-0.9802,-0.0704,253.74293518066406
4.3710,-0.0322,-0.9802,-0.0704,237.61178588867188
4.3780,-0.0068,-0.9880,-0.1055,237.61178588867188
4.4160,-0.0068,-0.9880,-0.1055,237.61178588867188
4.4480,-0.0313,-0.9958,-0.1192,237.61178588867188
4.4660,-0.0313,-0.9958,-0.1192,237.61178588867188
4.5170,-0.0313,-0.9958,-0.1192,237.61178588867188
4.5180,-0.0704,-0.9831,-0.1104,237.61178588867188
4.5670,-0.0704,-0.9831,-0.1104,237.61178588867188
4.5710,-0.0704,-0.9831,-0.1104,226.32293701171875
4.5880,-0.0264,-0.9977,-0.1251,226.32293701171875
4.6160,-0.0264,-0.9977,-0.1251,226.32293701171875
4.6580,0.0870,-1.0378,-0.1202,226.32293701171875
4.6660,0.0870,-1.0378,-0.1202,226.32293701171875
4.7160,0.0870,-1.0378,-0.1202,226.32293701171875
4.7280,0.2404,-1.0593,-0.1339,226.32293701171875
4.7670,0.2404,-1.0593,-0.1339,226.32293701171875
4.9200,0.2404,-1.0593,-0.1339,229.54806518554688
4.9200,0.3020,-1.0857,-0.1094,229.54806518554688
4.9210,0.3020,-1.0857,-0.1094,229.54806518554688
4.9210,0.3020,-1.0857,-0.1094,229.54806518554688
4.9210,0.3665,-1.0877,-0.1593,229.54806518554688
4.9210,0.3665,-1.0877,-0.1593,229.54806518554688
4.9380,0.3938,-1.1189,-0.1827,229.54806518554688
4.9660,0.3938,-1.1189,-0.1827,229.54806518554688
4.9690,0.3938,-1.1189,-0.1827,49.41342544555664
5.1190,0.3899,-1.1639,-0.2570,49.41342544555664
5.1200,0.3899,-1.1639,-0.2570,49.41342544555664
5.1200,0.3899,-1.1639,-0.2570,49.41342544555664
5.1200,0.4319,-1.2235,-0.1417,49.41342544555664
5.1200,0.4319,-1.2235,-0.1417,49.41342544555664
5.1470,0.3313,-1.2333,-0.0674,49.41342544555664
5.1670,0.3313,-1.2333,-0.0674,49.41342544555664
5.1700,0.3313,-1.2333,-0.0674,10.445135116577148
5.2180,-0.0068,-1.1004,-0.0537,10.445135116577148
5.2190,-0.0068,-1.1004,-0.0537,10.445135116577148
5.2670,-0.0068,-1.1004,-0.0537,10.445135116577148
5.2880,-0.0889,-0.9372,-0.0723,10.445135116577148
5.3170,-0.0889,-0.9372,-0.0723,10.445135116577148
5.3580,-0.2267,-0.7231,-0.1349,10.445135116577148
5.3720,-0.2267,-0.7231,-0.1349,10.445135116577148
5.3720,-0.2267,-0.7231,-0.1349,14.264449119567871
5.4280,-0.2042,-0.7007,-0.1739,14.264449119567871
5.4670,-0.2042,-0.7007,-0.1739,14.264449119567871
5.4980,-0.1857,-0.8043,-0.1681,14.264449119567871
5.5180,-0.1857,-0.8043,-0.1681,14.264449119567871
5.5680,-0.1857,-0.8043,-0.1681,14.264449119567871
5.5690,-0.1573,-1.0789,-0.1505,14.264449119567871
5.5690,-0.1573,-1.0789,-0.1505,14.264449119567871
5.6180,-0.1573,-1.0789,-0.1505,14.264449119567871
5.6380,-0.2316,-1.1795,-0.1466,14.264449119567871
5.6690,-0.2316,-1.1795,-0.1466,14.264449119567871
5.7080,-0.0547,-1.5587,-0.3088,14.264449119567871
5.7190,-0.0547,-1.5587,-0.3088,14.264449119567871
5.7670,-0.0547,-1.5587,-0.3088,6.81752347946167
5.7700,-0.0547,-1.5587,-0.3088,6.81752347946167
5.7780,-0.2648,-1.6974,-0.2355,6.81752347946167
5.8190,-0.2648,-1.6974,-0.2355,6.81752347946167
5.8480,-0.5785,-1.8303,-0.2375,6.81752347946167
5.8680,-0.5785,-1.8303,-0.2375,6.81752347946167
5.9190,0.1827,-1.6476,-0.6606,6.81752347946167
5.9190,0.1827,-1.6476,-0.6606,6.81752347946167
5.9670,0.1827,-1.6476,-0.6606,4.493000030517578
5.9700,0.1827,-1.6476,-0.6606,4.493000030517578
5.9880,-0.1163,-1.5372,-0.3401,4.493000030517578
6.0200,-0.1163,-1.5372,-0.3401,4.493000030517578
6.0580,0.1114,-1.1434,-0.1437,4.493000030517578
6.0700,0.1114,-1.1434,-0.1437,4.493000030517578
6.1200,0.1114,-1.1434,-0.1437,4.493000030517578
6.1280,0.2345,-0.8062,-0.0899,4.493000030517578
6.1670,0.2345,-0.8062,-0.0899,27.02290153503418
6.1700,0.2345,-0.8062,-0.0899,27.02290153503418
6.1980,0.0684,-0.7857,0.0616,27.02290153503418
6.2200,0.0684,-0.7857,0.0616,27.02290153503418
6.2680,0.2394,-0.7642,0.0205,27.02290153503418
6.2720,0.2394,-0.7642,0.0205,27.02290153503418
6.3210,0.2394,-0.7642,0.0205,27.02290153503418
6.3380,0.0391,-0.7564,0.0655,27.02290153503418
6.3670,0.0391,-0.7564,0.0655,27.02290153503418
6.3710,0.0391,-0.7564,0.0655,27.02290153503418
6.4080,0.1524,-0.9313,-0.0371,27.02290153503418
6.4210,0.1524,-0.9313,-0.0371,27.02290153503418
6.4710,0.1524,-0.9313,-0.0371,27.02290153503418
6.4780,-0.0186,-1.3183,-0.0870,27.02290153503418
6.5210,-0.0186,-1.3183,-0.0870,27.02290153503418
6.5480,0.1456,-1.6241,-0.2981,27.02290153503418
6.5670,0.1456,-1.6241,-0.2981,0.0
6.5710,0.1456,-1.6241,-0.2981,0.0
6.6180,-0.0518,-2.0004,-0.2981,0.0
6.6210,-0.0518,-2.0004,-0.2981,0.0
6.6710,-0.0518,-2.0004,-0.2981,0.0
6.6890,-0.0352,-1.9564,-0.3176,0.0
6.7220,-0.0352,-1.9564,-0.3176,0.0
6.7580,-0.1319,-1.9887,-0.3332,0.0
6.7670,-0.1319,-1.9887,-0.3332,0.0
6.7720,-0.1319,-1.9887,-0.3332,0.0
6.8220,-0.1319,-1.9887,-0.3332,0.0
6.8280,-0.3909,-1.5684,-0.2775,0.0
6.8730,-0.3909,-1.5684,-0.2775,0.0
6.9140,-0.3166,-1.1375,-0.2453,0.0
6.9250,-0.3166,-1.1375,-0.2453,0.0
6.9680,-0.3166,-1.1375,-0.2453,30.2175235748291
6.9680,-0.4085,-0.7681,-0.1798,30.2175235748291
7.0220,-0.4085,-0.7681,-0.1798,30.2175235748291
7.0380,-0.3899,-0.6196,-0.1251,30.2175235748291
7.0720,-0.3899,-0.6196,-0.1251,30.2175235748291
7.1080,-0.3225,-0.6010,-0.0997,30.2175235748291
7.1210,-0.3225,-0.6010,-0.0997,30.2175235748291
7.1670,-0.3225,-0.6010,-0.0997,25.426227569580078
7.1720,-0.3225,-0.6010,-0.0997,25.426227569580078
7.1780,-0.3029,-0.8551,-0.0665,25.426227569580078
7.2230,-0.3029,-0.8551,-0.0665,25.426227569580078
7.2480,-0.3479,-1.1854,-0.1046,25.426227569580078
7.2730,-0.3479,-1.1854,-0.1046,25.426227569580078
7.3180,-0.3938,-1.5792,-0.1495,25.426227569580078
7.3230,-0.3938,-1.5792,-0.1495,25.426227569580078
7.3670,-0.3938,-1.5792,-0.1495,10.278593063354492
7.3730,-0.3938,-1.5792,-0.1495,10.278593063354492
7.5310,-0.3098,-1.9505,-0.2267,10.278593063354492
7.5310,-0.3098,-1.9505,-0.2267,10.278593063354492
7.5320,-0.2140,-2.0004,-0.3137,10.278593063354492
7.5320,-0.2140,-2.0004,-0.3137,10.278593063354492
7.5320,-0.2140,-2.0004,-0.3137,10.278593063354492
7.5320,-0.2404,-2.0004,-0.4818,10.278593063354492
7.5660,-0.2404,-2.0004,-0.4818,3.57550048828125
7.5740,-0.2404,-2.0004,-0.4818,3.57550048828125
7.7230,0.1309,-1.8733,-0.3704,3.57550048828125
7.7230,0.1309,-1.8733,-0.3704,3.57550048828125
7.7230,0.1652,-1.3925,-0.1515,3.57550048828125
7.7230,0.1652,-1.3925,-0.1515,3.57550048828125
7.7240,0.1652,-1.3925,-0.1515,3.57550048828125
7.7370,0.3723,-1.1013,-0.1368,3.57550048828125
7.7670,0.3723,-1.1013,-0.1368,30.2175235748291
7.7730,0.3723,-1.1013,-0.1368,30.2175235748291
7.8070,0.3684,-0.7583,-0.1222,30.2175235748291
7.8230,0.3684,-0.7583,-0.1222,30.2175235748291
7.8740,0.3684,-0.7583,-0.1222,30.2175235748291
7.8770,0.3264,-0.5267,-0.1007,30.2175235748291
7.9240,0.3264,-0.5267,-0.1007,30.2175235748291
7.9480,0.2433,-0.6147,-0.0645,30.2175235748291
7.9670,0.2433,-0.6147,-0.0645,13.186033248901367
7.9740,0.2433,-0.6147,-0.0645,13.186033248901367
8.0180,0.2511,-0.8473,-0.0557,13.186033248901367
8.0240,0.2511,-0.8473,-0.0557,13.186033248901367
8.0740,0.2511,-0.8473,-0.0557,13.186033248901367
8.0880,0.1104,-1.2303,-0.1036,13.186033248901367
8.1230,0.1104,-1.2303,-0.1036,13.186033248901367
8.1580,0.0508,-1.6877,-0.2277,13.186033248901367
8.1670,0.0508,-1.6877,-0.2277,22.23428726196289
8.1740,0.0508,-1.6877,-0.2277,22.23428726196289
8.2290,0.0508,-1.6877,-0.2277,22.23428726196289
8.2300,-0.0792,-2.0004,-0.2902,22.23428726196289
8.2750,-0.0792,-2.0004,-0.2902,22.23428726196289
8.2980,-0.1876,-2.0004,-0.4779,22.23428726196289
8.3250,-0.1876,-2.0004,-0.4779,22.23428726196289
8.3680,-0.1876,-2.0004,-0.4779,152.21034240722656
8.3680,-0.2766,-2.0004,-0.3645,152.21034240722656
8.3750,-0.2766,-2.0004,-0.3645,152.21034240722656
8.4240,-0.2766,-2.0004,-0.3645,152.21034240722656
8.4380,-0.3694,-1.7121,-0.4700,152.21034240722656
8.4750,-0.3694,-1.7121,-0.4700,152.21034240722656
8.5080,-0.4427,-1.1893,-0.3039,152.21034240722656
8.5370,-0.4427,-1.1893,-0.3039,152.21034240722656
8.5670,-0.4427,-1.1893,-0.3039,28.62000846862793
8.5750,-0.4427,-1.1893,-0.3039,28.62000846862793
8.5780,-0.3606,-0.9391,-0.1270,28.62000846862793
8.6250,-0.3606,-0.9391,-0.1270,28.62000846862793
8.6480,-0.3420,-0.6753,-0.1231,28.62000846862793
8.6750,-0.3420,-0.6753,-0.1231,28.62000846862793
8.7180,-0.3420,-0.6528,-0.1388,28.62000846862793
8.7240,-0.3420,-0.6528,-0.1388,28.62000846862793
8.7670,-0.3420,-0.6528,-0.1388,44.610591888427734
8.7750,-0.3420,-0.6528,-0.1388,44.610591888427734
8.7880,-0.3391,-0.7544,-0.1661,44.610591888427734
8.8260,-0.3391,-0.7544,-0.1661,44.610591888427734
8.8580,-0.3479,-1.0095,-0.2384,44.610591888427734
8.8760,-0.3479,-1.0095,-0.2384,44.610591888427734
8.9260,-0.3479,-1.0095,-0.2384,44.610591888427734
8.9300,-0.2091,-1.3886,-0.3244,44.610591888427734
8.9670,-0.2091,-1.3886,-0.3244,11.827130317687988
8.9760,-0.2091,-1.3886,-0.3244,11.827130317687988
8.9980,-0.1769,-1.9799,-0.3440,11.827130317687988
9.0250,-0.1769,-1.9799,-0.3440,11.827130317687988
9.0680,-0.4085,-2.0004,-0.2179,11.827130317687988
9.0770,-0.4085,-2.0004,-0.2179,11.827130317687988
9.1270,-0.4085,-2.0004,-0.2179,11.827130317687988
9.1380,-0.0283,-2.0004,-0.3694,11.827130317687988
9.1670,-0.0283,-2.0004,-0.3694,0.0
9.1770,-0.0283,-2.0004,-0.3694,0.0
9.2080,0.1769,-1.6759,-0.4251,0.0
9.2270,0.1769,-1.6759,-0.4251,0.0
9.2780,0.1769,-1.6759,-0.4251,0.0
9.2780,0.0186,-1.2421,-0.2805,0.0
9.3270,0.0186,-1.2421,-0.2805,0.0
9.3480,0.1290,-0.9293,-0.1309,0.0
9.3670,0.1290,-0.9293,-0.1309,30.2175235748291
9.3770,0.1290,-0.9293,-0.1309,30.2175235748291
9.4180,0.2345,-0.8082,-0.0616,30.2175235748291
9.4270,0.2345,-0.8082,-0.0616,30.2175235748291
9.4880,0.3362,-0.6450,-0.0694,30.2175235748291
9.5280,0.3362,-0.6450,-0.0694,30.2175235748291
9.5580,0.1779,-0.8023,0.0264,30.2175235748291
9.5670,0.1779,-0.8023,0.0264,23.830013275146484
9.5780,0.1779,-0.8023,0.0264,23.830013275146484
9.6300,0.2511,-0.9303,-0.1202,23.830013275146484
9.6300,0.2511,-0.9303,-0.1202,23.830013275146484
9.6780,0.2511,-0.9303,-0.1202,23.830013275146484
9.6980,0.1046,-1.0642,-0.1847,23.830013275146484
9.7280,0.1046,-1.0642,-0.1847,23.830013275146484
9.7700,0.1192,-1.8284,-0.2941,23.830013275146484
9.7700,0.1192,-1.8284,-0.2941,16.43152618408203
9.7780,0.1192,-1.8284,-0.2941,16.43152618408203
9.8280,0.1192,-1.8284,-0.2941,16.43152618408203
9.8380,0.0537,-2.0004,-0.3391,16.43152618408203
9.8780,0.0537,-2.0004,-0.3391,16.43152618408203
9.9080,-0.1603,-2.0004,-0.4104,16.43152618408203
9.9280,-0.1603,-2.0004,-0.4104,16.43152618408203
9.9670,-0.1603,-2.0004,-0.4104,0.0
10.1310,-0.3391,-1.9369,-0.4143,0.0
10.1310,-0.3391,-1.9369,-0.4143,0.0
10.1310,-0.3391,-1.9369,-0.4143,0.0
10.1320,-0.0743,-1.6896,-0.3743,0.0
10.1320,-0.0743,-1.6896,-0.3743,0.0
10.1320,-0.4300,-1.0798,-0.2316,0.0
10.1320,-0.4300,-1.0798,-0.2316,0.0
10.1670,-0.4300,-1.0798,-0.2316,49.41342544555664
10.2710,-0.4300,-1.0798,-0.2316,49.41342544555664
10.2710,-0.2111,-0.8336,-0.1642,49.41342544555664
10.2710,-0.2111,-0.8336,-0.1642,49.41342544555664
10.2720,-0.4212,-0.6323,-0.0840,49.41342544555664
10.2790,-0.4212,-0.6323,-0.0840,49.41342544555664
10.3300,-0.3381,-0.5531,-0.0704,49.41342544555664
10.3310,-0.3381,-0.5531,-0.0704,49.41342544555664
10.3670,-0.3381,-0.5531,-0.0704,30.2175235748291
10.3780,-0.3381,-0.5531,-0.0704,30.2175235748291
10.3970,-0.2707,-0.6792,-0.0831,30.2175235748291
10.4280,-0.2707,-0.6792,-0.0831,30.2175235748291
10.4670,-0.2912,-1.0427,-0.1241,30.2175235748291
10.4780,-0.2912,-1.0427,-0.1241,30.2175235748291
10.5310,-0.2912,-1.0427,-0.1241,30.2175235748291
10.5380,-0.4700,-1.5186,-0.1681,30.2175235748291
10.5670,-0.4700,-1.5186,-0.1681,14.264449119567871
10.6080,-0.2062,-1.9476,-0.3538,14.264449119567871
10.6270,-0.2062,-1.9476,-0.3538,14.264449119567871
10.6790,-0.2101,-2.0004,-0.3528,14.264449119567871
10.6790,-0.2101,-2.0004,-0.3528,14.264449119567871
10.7290,-0.2101,-2.0004,-0.3528,14.264449119567871
10.7480,-0.3215,-2.0004,-0.2560,14.264449119567871
10.7680,-0.3215,-2.0004,-0.2560,35.01231384277344
10.7790,-0.3215,-2.0004,-0.2560,35.01231384277344
10.8180,0.1094,-1.9330,-0.4095,35.01231384277344
10.8290,0.1094,-1.9330,-0.4095,35.01231384277344
10.8790,0.1094,-1.9330,-0.4095,35.01231384277344
10.8880,0.1378,-1.5079,-0.2873,35.01231384277344
10.9290,0.1378,-1.5079,-0.2873,35.01231384277344
10.9580,0.1818,-1.1160,-0.1954,35.01231384277344
10.9670,0.1818,-1.1160,-0.1954,35.01231384277344
10.9790,0.1818,-1.1160,-0.1954,35.01231384277344
11.0290,0.4388,-0.8844,-0.1691,35.01231384277344
11.0290,0.4388,-0.8844,-0.1691,35.01231384277344
11.0790,0.4388,-0.8844,-0.1691,35.01231384277344
11.0980,0.2336,-0.6352,-0.0264,35.01231384277344
11.1290,0.2336,-0.6352,-0.0264,35.01231384277344
11.1680,0.2336,-0.6352,-0.0264,19.335769653320313
11.1690,0.3498,-0.6489,-0.0752,19.335769653320313
11.1790,0.3498,-0.6489,-0.0752,19.335769653320313
11.2290,0.3498,-0.6489,-0.0752,19.335769653320313
11.2380,0.1329,-0.8727,-0.0137,19.335769653320313
11.2790,0.1329,-0.8727,-0.0137,19.335769653320313
11.3080,0.2140,-1.2166,-0.0909,19.335769653320313
11.3290,0.2140,-1.2166,-0.0909,19.335769653320313
11.3670,0.2140,-1.2166,-0.0909,36.611270904541016
11.3790,0.1984,-1.5557,-0.1788,36.611270904541016
11.3790,0.1984,-1.5557,-0.1788,36.611270904541016
11.4290,0.1984,-1.5557,-0.1788,36.611270904541016
11.4480,0.1730,-1.9359,-0.3205,36.611270904541016
11.4790,0.1730,-1.9359,-0.3205,36.611270904541016
11.5180,-0.0860,-1.9994,-0.3254,36.611270904541016
11.5290,-0.0860,-1.9994,-0.3254,36.611270904541016
11.5670,-0.0860,-1.9994,-0.3254,219.87332153320313
11.5790,-0.0860,-1.9994,-0.3254,219.87332153320313
11.5880,-0.2746,-2.0004,-0.2238,219.87332153320313
11.6290,-0.2746,-2.0004,-0.2238,219.87332153320313
11.6580,-0.3000,-1.9369,-0.3411,219.87332153320313
11.6790,-0.3000,-1.9369,-0.3411,219.87332153320313
11.7290,-0.4740,-1.4072,-0.3186,219.87332153320313
11.7290,-0.4740,-1.4072,-0.3186,219.87332153320313
11.7670,-0.4740,-1.4072,-0.3186,44.610591888427734
11.7790,-0.4740,-1.4072,-0.3186,44.610591888427734
11.7980,-0.4310,-0.9704,-0.2160,44.610591888427734
11.8290,-0.4310,-0.9704,-0.2160,44.610591888427734
11.8680,-0.4114,-0.6811,-0.1759,44.610591888427734
11.8810,-0.4114,-0.6811,-0.1759,44.610591888427734
11.9380,-0.3332,-0.5326,-0.1075,44.610591888427734
11.9670,-0.3332,-0.5326,-0.1075,22.23428726196289
11.9790,-0.3332,-0.5326,-0.1075,22.23428726196289
12.0080,-0.3205,-0.6508,-0.0811,22.23428726196289
12.0290,-0.3205,-0.6508,-0.0811,22.23428726196289
12.0810,-0.3450,-0.9440,-0.0391,22.23428726196289
12.0810,-0.3450,-0.9440,-0.0391,22.23428726196289
12.1290,-0.3450,-0.9440,-0.0391,22.23428726196289
12.1480,-0.3205,-1.2948,-0.0967,22.23428726196289
12.1670,-0.3205,-1.2948,-0.0967,13.351890563964844
12.1790,-0.3205,-1.2948,-0.0967,13.351890563964844
12.2180,-0.2814,-1.7707,-0.1808,13.351890563964844
12.2290,-0.2814,-1.7707,-0.1808,13.351890563964844
12.2790,-0.2814,-1.7707,-0.1808,13.351890563964844
12.2880,-0.0743,-2.0004,-0.3782,13.351890563964844
12.3280,-0.0743,-2.0004,-0.3782,13.351890563964844
12.3580,-0.1632,-2.0004,-0.3704,13.351890563964844
12.3670,-0.1632,-2.0004,-0.3704,107.17605590820313
12.3790,-0.1632,-2.0004,-0.3704,107.17605590820313
12.4280,-0.2316,-2.0004,-0.3391,107.17605590820313
12.4320,-0.2316,-2.0004,-0.3391,107.17605590820313
12.4800,-0.2316,-2.0004,-0.3391,107.17605590820313
12.4980,0.2717,-1.8548,-0.3997,107.17605590820313
12.5300,0.2717,-1.8548,-0.3997,107.17605590820313
12.5680,0.2717,-1.8548,-0.3997,39.81012725830078
12.5680,0.1007,-1.3935,-0.1261,39.81012725830078
12.7280,0.1007,-1.3935,-0.1261,39.81012725830078
12.7280,0.1007,-1.3935,-0.1261,39.81012725830078
12.7280,0.5277,-0.8551,-0.1466,39.81012725830078
12.7280,0.5277,-0.8551,-0.1466,39.81012725830078
12.7290,0.1134,-0.5844,0.0000,39.81012725830078
12.7290,0.1134,-0.5844,0.0000,39.81012725830078
12.7670,0.1134,-0.5844,0.0000,11.020161628723145
12.9220,0.5062,-0.5854,-0.1339,11.020161628723145
12.9230,0.5062,-0.5854,-0.1339,11.020161628723145
12.9230,0.5062,-0.5854,-0.1339,11.020161628723145
12.9230,0.1026,-0.6841,-0.0147,11.020161628723145
12.9230,0.1026,-0.6841,-0.0147,11.020161628723145
12.9240,0.3176,-0.9909,-0.1202,11.020161628723145
12.9330,0.3176,-0.9909,-0.1202,11.020161628723145
12.9670,0.3176,-0.9909,-0.1202,33.4136962890625
12.9800,0.3176,-0.9909,-0.1202,33.4136962890625
12.9870,0.1700,-1.3525,-0.1300,33.4136962890625
13.0300,0.1700,-1.3525,-0.1300,33.4136962890625
13.0570,-0.0254,-2.0004,-0.2492,33.4136962890625
13.0790,-0.0254,-2.0004,-0.2492,33.4136962890625
13.1280,-0.0489,-2.0004,-0.3332,33.4136962890625
13.1320,-0.0489,-2.0004,-0.3332,33.4136962890625
13.1670,-0.0489,-2.0004,-0.3332,33.4136962890625
13.1810,-0.0489,-2.0004,-0.3332,33.4136962890625
13.1980,-0.1818,-2.0004,-0.4026,33.4136962890625
13.2310,-0.1818,-2.0004,-0.4026,33.4136962890625
13.2680,-0.4964,-2.0004,-0.3127,33.4136962890625
13.2840,-0.4964,-2.0004,-0.3127,33.4136962890625
13.3310,-0.4964,-2.0004,-0.3127,33.4136962890625
13.3380,-0.2824,-1.8088,-0.2834,33.4136962890625
13.3670,-0.2824,-1.8088,-0.2834,52.616519927978516
13.3810,-0.2824,-1.8088,-0.2834,52.616519927978516
13.4080,-0.7847,-1.0280,-0.1681,52.616519927978516
13.4300,-0.7847,-1.0280,-0.1681,52.616519927978516
13.4800,-0.2199,-0.6381,-0.1896,52.616519927978516
13.4810,-0.2199,-0.6381,-0.1896,52.616519927978516
13.5320,-0.2199,-0.6381,-0.1896,52.616519927978516
13.5480,-0.4329,-0.5170,-0.0557,52.616519927978516
13.5670,-0.4329,-0.5170,-0.0557,27.02290153503418
13.5820,-0.4329,-0.5170,-0.0557,27.02290153503418
13.6180,-0.3391,-0.5306,-0.0098,27.02290153503418
13.6320,-0.3391,-0.5306,-0.0098,27.02290153503418
13.6820,-0.3391,-0.5306,-0.0098,27.02290153503418
13.6880,-0.2863,-0.7486,-0.0137,27.02290153503418
13.7330,-0.2863,-0.7486,-0.0137,27.02290153503418
13.7580,-0.3274,-1.2763,-0.0303,27.02290153503418
13.7690,-0.3274,-1.2763,-0.0303,47.812232971191406
13.7820,-0.3274,-1.2763,-0.0303,47.812232971191406
13.8280,-0.2824,-1.7199,-0.0938,47.812232971191406
13.8330,-0.2824,-1.7199,-0.0938,47.812232971191406
13.8840,-0.2824,-1.7199,-0.0938,47.812232971191406
13.8980,-0.3850,-2.0004,-0.1710,47.812232971191406
13.9330,-0.3850,-2.0004,-0.1710,47.812232971191406
13.9680,-0.3850,-2.0004,-0.1710,223.0980224609375
13.9680,-0.0274,-2.0004,-0.3977,223.0980224609375
13.9840,-0.0274,-2.0004,-0.3977,223.0980224609375
14.0340,-0.0274,-2.0004,-0.3977,223.0980224609375
14.0380,-0.0655,-2.0004,-0.3772,223.0980224609375
14.0840,-0.0655,-2.0004,-0.3772,223.0980224609375
14.1080,0.0547,-1.8147,-0.2502,223.0980224609375
14.1340,0.0547,-1.8147,-0.2502,223.0980224609375
14.1670,0.0547,-1.8147,-0.2502,121.64334869384766
14.1780,0.1798,-1.3779,-0.1515,121.64334869384766
14.1840,0.1798,-1.3779,-0.1515,121.64334869384766
14.2330,0.1798,-1.3779,-0.1515,121.64334869384766
14.2480,0.3723,-1.1277,-0.1104,121.64334869384766
14.2840,0.3723,-1.1277,-0.1104,121.64334869384766
14.3180,0.3039,-0.7876,-0.0694,121.64334869384766
14.3340,0.3039,-0.7876,-0.0694,121.64334869384766
14.3670,0.3039,-0.7876,-0.0694,13.672632217407227
14.3840,0.3039,-0.7876,-0.0694,13.672632217407227
14.3880,0.3000,-0.5844,-0.1046,13.672632217407227
14.4340,0.3000,-0.5844,-0.1046,13.672632217407227
14.4580,0.2599,-0.6508,-0.0948,13.672632217407227
14.5280,0.2277,-0.9977,-0.0704,13.672632217407227
14.5340,0.2277,-0.9977,-0.0704,13.672632217407227
14.5680,0.2277,-0.9977,-0.0704,26.55793571472168
14.5850,0.2277,-0.9977,-0.0704,26.55793571472168
14.5980,0.2326,-1.3261,-0.0596,26.55793571472168
14.6350,0.2326,-1.3261,-0.0596,26.55793571472168
14.6680,0.1397,-1.7111,-0.0459,26.55793571472168
14.6850,0.1397,-1.7111,-0.0459,26.55793571472168
14.7350,0.1397,-1.7111,-0.0459,26.55793571472168
14.7380,0.0166,-2.0004,-0.1007,26.55793571472168
14.7670,0.0166,-2.0004,-0.1007,0.0
14.7850,0.0166,-2.0004,-0.1007,0.0
14.8080,-0.1241,-2.0004,-0.1378,0.0
14.8340,-0.1241,-2.0004,-0.1378,0.0
14.8780,-0.1974,-2.0004,-0.1945,0.0
14.8850,-0.1974,-2.0004,-0.1945,0.0
14.9360,-0.1974,-2.0004,-0.1945,0.0
14.9480,-0.4505,-1.8460,-0.1681,0.0
14.9670,-0.4505,-1.8460,-0.1681,27.02290153503418
14.9860,-0.4505,-1.8460,-0.1681,27.02290153503418
15.0180,-0.4749,-1.2909,-0.1808,27.02290153503418
15.0360,-0.4749,-1.2909,-0.1808,27.02290153503418
15.0860,-0.4749,-1.2909,-0.1808,27.02290153503418
15.0890,-0.3547,-0.9030,-0.1583,27.02290153503418
15.1370,-0.3547,-0.9030,-0.1583,27.02290153503418
15.2890,-0.4388,-0.6479,-0.1114,27.02290153503418
15.2890,-0.4388,-0.6479,-0.1114,16.445241928100586
15.2900,-0.4388,-0.6479,-0.1114,16.445241928100586
15.2900,-0.3479,-0.5453,-0.0860,16.445241928100586
15.2900,-0.3479,-0.5453,-0.0860,16.445241928100586
15.2900,-0.3479,-0.5453,-0.0860,16.445241928100586
15.2970,-0.3401,-0.7085,-0.0821,16.445241928100586
15.3390,-0.3401,-0.7085,-0.0821,16.445241928100586
15.4670,-0.3401,-0.7085,-0.0821,52.616519927978516
15.4670,-0.3332,-0.9772,-0.0850,52.616519927978516
15.4670,-0.3332,-0.9772,-0.0850,52.616519927978516
15.4680,-0.3332,-0.9772,-0.0850,52.616519927978516
15.4680,-0.3430,-1.3945,-0.1163,52.616519927978516
15.5090,-0.3108,-1.8958,-0.1046,52.616519927978516
15.5370,-0.3108,-1.8958,-0.1046,52.616519927978516
15.5670,-0.3108,-1.8958,-0.1046,14.738911628723145
15.5780,-0.2042,-2.0004,-0.1222,14.738911628723145
15.5870,-0.2042,-2.0004,-0.1222,14.738911628723145
15.6370,-0.2042,-2.0004,-0.1222,14.738911628723145
15.6480,-0.0430,-2.0004,-0.1935,14.738911628723145
15.6870,-0.0430,-2.0004,-0.1935,14.738911628723145
15.7180,-0.0381,-1.9681,-0.2394,14.738911628723145
15.7370,-0.0381,-1.9681,-0.2394,14.738911628723145
15.7670,-0.0381,-1.9681,-0.2394,17.812145233154297
15.7880,-0.0381,-1.9681,-0.2394,17.812145233154297
15.7880,0.1974,-1.5978,-0.2775,17.812145233154297
15.8370,0.1974,-1.5978,-0.2775,17.812145233154297
15.8580,0.2023,-1.1600,-0.1681,17.812145233154297
15.8870,0.2023,-1.1600,-0.1681,17.812145233154297
15.9280,0.3860,-0.7847,-0.0840,17.812145233154297
15.9370,0.3860,-0.7847,-0.0840,17.812145233154297
15.9670,0.3860,-0.7847,-0.0840,18.998804092407227
15.9870,0.3860,-0.7847,-0.0840,18.998804092407227
15.9980,0.3029,-0.6430,-0.0215,18.998804092407227
16.0370,0.3029,-0.6430,-0.0215,18.998804092407227
16.0680,0.3401,-0.6850,-0.0362,18.998804092407227
16.0870,0.3401,-0.6850,-0.0362,18.998804092407227
16.1390,0.1769,-0.8521,0.0107,18.998804092407227
16.1390,0.1769,-0.8521,0.0107,18.998804092407227
16.1670,0.1769,-0.8521,0.0107,33.4136962890625
16.1870,0.1769,-0.8521,0.0107,33.4136962890625
16.2080,0.1720,-1.2792,-0.0401,33.4136962890625
16.2390,0.1720,-1.2792,-0.0401,33.4136962890625
16.2780,0.2384,-1.5636,-0.1446,33.4136962890625
16.2870,0.2384,-1.5636,-0.1446,33.4136962890625
16.3370,0.2384,-1.5636,-0.1446,33.4136962890625
16.3480,0.0479,-2.0004,-0.2169,33.4136962890625
16.3670,0.0479,-2.0004,-0.2169,4.493000030517578
16.3870,0.0479,-2.0004,-0.2169,4.493000030517578
16.4180,-0.0938,-2.0004,-0.1915,4.493000030517578
16.4370,-0.0938,-2.0004,-0.1915,4.493000030517578
16.4880,-0.0938,-2.0004,-0.1915,4.493000030517578
16.4880,-0.1867,-2.0004,-0.2746,4.493000030517578
16.5370,-0.1867,-2.0004,-0.2746,4.493000030517578
16.5580,-0.2775,-1.9369,-0.2551,4.493000030517578
16.5670,-0.2775,-1.9369,-0.2551,16.445241928100586
16.5870,-0.2775,-1.9369,-0.2551,16.445241928100586
16.6280,-0.2844,-1.6173,-0.2521,16.445241928100586
16.6370,-0.2844,-1.6173,-0.2521,16.445241928100586
16.6890,-0.2844,-1.6173,-0.2521,16.445241928100586
16.6980,-0.4134,-0.9616,-0.2189,16.445241928100586
16.7370,-0.4134,-0.9616,-0.2189,16.445241928100586
16.7680,-0.4134,-0.9616,-0.2189,12.931991577148438
16.7690,-0.4368,-0.6020,-0.1876,12.931991577148438
16.7870,-0.4368,-0.6020,-0.1876,12.931991577148438
16.8380,-0.4368,-0.6020,-0.1876,12.931991577148438
16.8380,-0.2443,-0.5150,-0.1573,12.931991577148438
16.8910,-0.2443,-0.5150,-0.1573,12.931991577148438
16.9080,-0.3049,-0.5678,-0.0889,12.931991577148438
16.9670,-0.3049,-0.5678,-0.0889,23.830013275146484
16.9780,-0.2726,-0.7681,-0.0547,23.830013275146484
16.9880,-0.2726,-0.7681,-0.0547,23.830013275146484
17.0380,-0.2726,-0.7681,-0.0547,23.830013275146484
17.0480,-0.4251,-1.3007,-0.0596,23.830013275146484
17.0890,-0.4251,-1.3007,-0.0596,23.830013275146484
17.1180,-0.4241,-1.8059,-0.1153,23.830013275146484
17.1380,-0.4241,-1.8059,-0.1153,23.830013275146484
17.1670,-0.4241,-1.8059,-0.1153,9.71464729309082
17.1890,-0.3498,-2.0004,-0.2384,9.71464729309082
17.1890,-0.3498,-2.0004,-0.2384,9.71464729309082
17.2390,-0.3498,-2.0004,-0.2384,9.71464729309082
17.2580,-0.4075,-2.0004,-0.3010,9.71464729309082
17.2890,-0.4075,-2.0004,-0.3010,9.71464729309082
17.3280,0.1524,-2.0004,-0.4446,9.71464729309082
17.3390,0.1524,-2.0004,-0.4446,9.71464729309082
17.3670,0.1524,-2.0004,-0.4446,22.367229461669922
17.3890,0.1524,-2.0004,-0.4446,22.367229461669922
17.3980,0.0391,-1.7883,-0.2404,22.367229461669922
17.4390,0.0391,-1.7883,-0.2404,22.367229461669922
17.4680,0.3968,-1.3466,-0.3088,22.367229461669922
17.4890,0.3968,-1.3466,-0.3088,22.367229461669922
17.5390,0.2160,-0.9557,-0.1906,22.367229461669922
17.5390,0.2160,-0.9557,-0.1906,22.367229461669922
17.5670,0.2160,-0.9557,-0.1906,20.174835205078125
17.5890,0.2160,-0.9557,-0.1906,20.174835205078125
17.6080,0.4339,-0.7202,-0.2502,20.174835205078125
17.6390,0.4339,-0.7202,-0.2502,20.174835205078125
17.6780,0.3880,-0.5746,-0.1954,20.174835205078125
17.6890,0.3880,-0.5746,-0.1954,20.174835205078125
17.7390,0.3880,-0.5746,-0.1954,20.174835205078125
17.8980,0.3186,-0.6772,-0.1222,20.174835205078125
17.8980,0.3186,-0.6772,-0.1222,18.839982986450195
17.8990,0.3186,-0.6772,-0.1222,18.839982986450195
17.8990,0.1153,-1.1736,-0.0801,18.839982986450195
17.8990,0.1153,-1.1736,-0.0801,18.839982986450195
17.8990,0.0068,-1.4326,-0.1642,18.839982986450195
17.8990,0.0068,-1.4326,-0.1642,18.839982986450195
17.9400,0.0068,-1.4326,-0.1642,18.839982986450195
18.0850,-0.2169,-1.8391,-0.1886,18.839982986450195
18.0850,-0.2169,-1.8391,-0.1886,36.611270904541016
18.0850,-0.2169,-1.8391,-0.1886,36.611270904541016
18.0850,-0.4613,-1.6417,-0.2443,36.611270904541016
18.0860,-0.4613,-1.6417,-0.2443,36.611270904541016
18.0940,-0.4613,-1.6417,-0.2443,36.611270904541016
18.0980,-0.3772,-1.6134,-0.3440,36.611270904541016
18.1400,-0.3772,-1.6134,-0.3440,36.611270904541016
18.1700,-0.5316,-1.4219,-0.2971,36.611270904541016
18.1700,-0.5316,-1.4219,-0.2971,99.14246368408203
18.1900,-0.5316,-1.4219,-0.2971,99.14246368408203
18.2400,-0.5170,-1.1756,-0.3293,99.14246368408203
18.2410,-0.5170,-1.1756,-0.3293,99.14246368408203
18.2900,-0.5170,-1.1756,-0.3293,99.14246368408203
18.3080,-0.4573,-0.9968,-0.3127,99.14246368408203
18.3420,-0.4573,-0.9968,-0.3127,99.14246368408203
18.3670,-0.4573,-0.9968,-0.3127,9.84256362915039
18.3780,-0.3420,-0.9430,-0.2199,9.84256362915039
18.3890,-0.3420,-0.9430,-0.2199,9.84256362915039
18.4400,-0.3420,-0.9430,-0.2199,9.84256362915039
18.4480,-0.2619,-0.8863,-0.1192,9.84256362915039
18.4900,-0.2619,-0.8863,-0.1192,9.84256362915039
18.5180,-0.0909,-0.9655,-0.1094,9.84256362915039
18.5400,-0.0909,-0.9655,-0.1094,9.84256362915039
18.5670,-0.0909,-0.9655,-0.1094,3.57550048828125
18.5880,-0.0674,-1.0017,-0.1720,3.57550048828125
18.5920,-0.0674,-1.0017,-0.1720,3.57550048828125
18.6400,-0.0674,-1.0017,-0.1720,3.57550048828125
18.6580,-0.0596,-1.0574,-0.1808,3.57550048828125
18.6900,-0.0596,-1.0574,-0.1808,3.57550048828125
18.7280,0.0537,-1.1140,-0.2042,3.57550048828125
18.7400,0.0537,-1.1140,-0.2042,3.57550048828125
18.7670,0.0537,-1.1140,-0.2042,28.62000846862793
18.7900,0.0537,-1.1140,-0.2042,28.62000846862793
18.7980,0.1818,-1.0935,-0.2316,28.62000846862793
18.8410,0.1818,-1.0935,-0.2316,28.62000846862793
18.8680,0.1134,-1.0427,-0.2179,28.62000846862793
18.8910,0.1134,-1.0427,-0.2179,28.62000846862793
18.9380,0.1407,-1.0300,-0.2081,28.62000846862793
18.9410,0.1407,-1.0300,-0.2081,28.62000846862793
18.9670,0.1407,-1.0300,-0.2081,494.5409851074219
18.9910,0.1407,-1.0300,-0.2081,494.5409851074219
19.0080,0.1046,-1.0183,-0.1710,494.5409851074219
19.0410,0.1046,-1.0183,-0.1710,494.5409851074219
19.0780,0.1114,-1.0124,-0.1720,494.5409851074219
19.0910,0.1114,-1.0124,-0.1720,494.5409851074219
19.1410,0.1114,-1.0124,-0.1720,494.5409851074219
19.1480,0.0235,-1.0271,-0.1290,494.5409851074219
19.1670,0.0235,-1.0271,-0.1290,79.87452697753906
19.1900,0.0235,-1.0271,-0.1290,79.87452697753906
19.2180,-0.0195,-1.0212,-0.1358,79.87452697753906
19.2410,-0.0195,-1.0212,-0.1358,79.87452697753906
19.2880,-0.0567,-0.9723,-0.1446,79.87452697753906
19.2920,-0.0567,-0.9723,-0.1446,79.87452697753906
19.3420,-0.0567,-0.9723,-0.1446,79.87452697753906
19.3580,0.0059,-1.0173,-0.1661,79.87452697753906
19.3670,0.0059,-1.0173,-0.1661,84.689697265625
19.3920,0.0059,-1.0173,-0.1661,84.689697265625
19.4280,-0.0235,-1.0046,-0.1261,84.689697265625
19.4420,-0.0235,-1.0046,-0.1261,84.689697265625
19.4920,-0.0235,-1.0046,-0.1261,84.689697265625
19.4980,-0.0352,-1.0036,-0.1046,84.689697265625
19.5420,-0.0352,-1.0036,-0.1046,84.689697265625
19.5680,-0.0352,-1.0036,-0.1046,342.54150390625
19.5680,-0.0283,-1.0085,-0.1094,342.54150390625
19.5910,-0.0283,-1.0085,-0.1094,342.54150390625
19.6380,-0.0430,-1.0280,-0.1036,342.54150390625
19.6420,-0.0430,-1.0280,-0.1036,342.54150390625
19.6930,-0.0430,-1.0280,-0.1036,342.54150390625
19.7080,-0.0215,-1.0222,-0.1446,342.54150390625
19.7430,-0.0215,-1.0222,-0.1446,342.54150390625
19.7670,-0.0215,-1.0222,-0.1446,575.484375
19.7780,-0.1212,-1.0065,-0.1515,575.484375
19.7930,-0.1212,-1.0065,-0.1515,575.484375
19.8430,-0.1212,-1.0065,-0.1515,575.484375
19.8480,-0.0371,-1.0222,-0.1876,575.484375
19.8930,-0.0371,-1.0222,-0.1876,575.484375
19.9180,-0.0352,-0.9762,-0.1945,575.484375
19.9430,-0.0352,-0.9762,-0.1945,575.484375
19.9670,-0.0352,-0.9762,-0.1945,224.71044921875
19.9880,-0.0450,-0.9694,-0.1212,224.71044921875
19.9930,-0.0450,-0.9694,-0.1212,224.71044921875
20.0420,-0.0450,-0.9694,-0.1212,224.71044921875
20.0580,-0.0098,-1.0105,-0.0919,224.71044921875
20.0930,-0.0098,-1.0105,-0.0919,224.71044921875
20.1280,-0.0235,-1.0173,-0.0625,224.71044921875
20.1430,-0.0235,-1.0173,-0.0625,224.71044921875
20.1670,-0.0235,-1.0173,-0.0625,113.60492706298828
20.1930,-0.0235,-1.0173,-0.0625,113.60492706298828
20.1980,-0.0733,-0.9968,-0.0752,113.60492706298828
20.2430,-0.0733,-0.9968,-0.0752,113.60492706298828
20.2680,0.0049,-1.0495,-0.1270,113.60492706298828
20.4300,0.0049,-1.0495,-0.1270,113.60492706298828
20.4300,-0.0244,-1.0202,-0.1397,113.60492706298828
20.4300,-0.0244,-1.0202,-0.1397,113.60492706298828
20.4310,-0.0244,-1.0202,-0.1397,31.815425872802734
20.4310,-0.0244,-1.0202,-0.1397,31.815425872802734
20.4310,-0.0049,-1.0329,-0.1368,31.815425872802734
20.4520,-0.0049,-1.0329,-0.1368,31.815425872802734
20.4770,0.0020,-1.0075,-0.1319,31.815425872802734
20.5910,0.0020,-1.0075,-0.1319,31.815425872802734
20.5920,-0.0186,-1.0603,-0.1143,31.815425872802734
20.5920,-0.0186,-1.0603,-0.1143,9.71464729309082
20.5980,-0.0186,-1.0603,-0.1143,9.71464729309082
20.6240,0.0049,-1.0701,-0.1065,9.71464729309082
20.6440,0.0049,-1.0701,-0.1065,9.71464729309082
20.6880,0.0928,-1.0427,-0.1222,9.71464729309082
20.6940,0.0928,-1.0427,-0.1222,9.71464729309082
20.7440,0.0928,-1.0427,-0.1222,9.71464729309082
20.7580,-0.0792,-1.0437,-0.0401,9.71464729309082
20.7670,-0.0792,-1.0437,-0.0401,8.491242408752441
20.7940,-0.0792,-1.0437,-0.0401,8.491242408752441
20.8280,0.0186,-0.9675,-0.1026,8.491242408752441
20.8440,0.0186,-0.9675,-0.1026,8.491242408752441
20.8940,0.0186,-0.9675,-0.1026,8.491242408752441
20.8980,0.0967,-0.9606,-0.0684,8.491242408752441
20.9430,0.0967,-0.9606,-0.0684,8.491242408752441
20.9680,0.0967,-0.9606,-0.0684,3.57550048828125
20.9680,0.1055,-0.9626,-0.0596,3.57550048828125
20.9940,0.1055,-0.9626,-0.0596,3.57550048828125
21.0380,0.0674,-0.9430,-0.0508,3.57550048828125
21.0450,0.0674,-0.9430,-0.0508,3.57550048828125
21.0960,0.0674,-0.9430,-0.0508,3.57550048828125
21.1080,-0.0567,-0.8942,-0.0156,3.57550048828125
21.1460,-0.0567,-0.8942,-0.0156,3.57550048828125
21.1670,-0.0567,-0.8942,-0.0156,4.493000030517578
21.1780,0.0616,-0.9489,-0.0127,4.493000030517578
21.1960,0.0616,-0.9489,-0.0127,4.493000030517578
21.2460,0.0616,-0.9489,-0.0127,4.493000030517578
21.2500,0.7534,-0.7290,-0.6772,4.493000030517578
21.2960,0.7534,-0.7290,-0.6772,4.493000030517578
21.3180,0.1925,-1.2919,0.1094,4.493000030517578
21.3460,0.1925,-1.2919,0.1094,4.493000030517578
21.3670,0.1925,-1.2919,0.1094,5.411299705505371
21.3880,0.3997,-0.9811,0.1632,5.411299705505371
21.3950,0.3997,-0.9811,0.1632,5.411299705505371
21.4470,0.3997,-0.9811,0.1632,5.411299705505371
21.4580,0.6215,-1.1258,-0.0821,5.411299705505371
21.4970,0.6215,-1.1258,-0.0821,5.411299705505371
21.5280,0.5824,-1.1306,0.2922,5.411299705505371
21.5470,0.5824,-1.1306,0.2922,5.411299705505371
21.5670,0.5824,-1.1306,0.2922,8.171000480651855
21.5990,0.7251,-1.0916,0.3381,8.171000480651855
21.5990,0.7251,-1.0916,0.3381,8.171000480651855
21.6470,0.7251,-1.0916,0.3381,8.171000480651855
21.6680,0.9108,-1.0642,0.0322,8.171000480651855
21.6970,0.9108,-1.0642,0.0322,8.171000480651855
21.7380,0.3968,-0.9948,0.6440,8.171000480651855
21.7470,0.3968,-0.9948,0.6440,8.171000480651855
21.7670,0.3968,-0.9948,0.6440,0.0
21.7970,0.3968,-0.9948,0.6440,0.0
21.8080,0.4642,-0.6274,0.4886,0.0
21.8470,0.4642,-0.6274,0.4886,0.0
21.8780,0.9333,-0.6010,0.2648,0.0
21.9010,0.9333,-0.6010,0.2648,0.0
21.9480,1.2137,-0.3997,0.5912,0.0
21.9670,1.2137,-0.3997,0.5912,0.0
21.9970,1.2137,-0.3997,0.5912,0.0
22.0180,0.5922,-0.2062,0.5834,0.0
22.0470,0.5922,-0.2062,0.5834,0.0
22.0880,0.3792,-0.0283,0.8629,0.0
22.0990,0.3792,-0.0283,0.8629,0.0
22.1470,0.3792,-0.0283,0.8629,0.0
22.1580,0.4837,0.1857,0.6352,0.0
22.1670,0.4837,0.1857,0.6352,0.0
22.1970,0.4837,0.1857,0.6352,0.0
22.2280,0.4026,0.3450,0.6147,0.0
22.2470,0.4026,0.3450,0.6147,0.0
22.2980,0.4026,0.3450,0.6147,0.0
22.2980,0.6010,0.5091,0.4349,0.0
22.3470,0.6010,0.5091,0.4349,0.0
22.3680,0.6010,0.5091,0.4349,0.0
22.3680,0.4270,0.6108,0.4437,0.0
22.3970,0.4270,0.6108,0.4437,0.0
22.4380,0.4388,0.6205,0.4153,0.0
22.4470,0.4388,0.6205,0.4153,0.0
22.4970,0.4388,0.6205,0.4153,0.0
22.5080,0.4818,0.7036,0.2717,0.0
22.5470,0.4818,0.7036,0.2717,0.0
22.5670,0.4818,0.7036,0.2717,0.0
22.5780,0.3205,0.7437,0.3987,0.0
22.5970,0.3205,0.7437,0.3987,0.0
22.6480,0.3205,0.7437,0.3987,0.0
22.6480,0.3381,0.8228,0.3352,0.0
22.6970,0.3381,0.8228,0.3352,0.0
22.7180,0.1642,0.8316,0.4046,0.0
22.7470,0.1642,0.8316,0.4046,0.0
22.7670,0.1642,0.8316,0.4046,0.0
22.7880,0.2209,0.8521,0.3674,0.0
22.7970,0.2209,0.8521,0.3674,0.0
22.8470,0.2209,0.8521,0.3674,0.0
22.8580,0.2179,0.9098,0.3889,0.0
23.0090,0.2179,0.9098,0.3889,0.0
23.0100,0.2033,0.9000,0.3782,0.0
23.0100,0.2033,0.9000,0.3782,0.0
23.0100,0.2033,0.9000,0.3782,0.0
23.0100,0.2033,0.9000,0.3782,0.0
23.0100,0.1691,0.9313,0.3733,0.0
23.0490,0.1691,0.9313,0.3733,0.0
23.0680,0.0322,0.9538,0.3831,0.0
23.1680,0.0322,0.9538,0.3831,0.0
23.1680,0.2042,0.9802,0.2902,0.0
23.1680,0.2042,0.9802,0.2902,0.0
23.1680,0.2042,0.9802,0.2902,0.0
23.1990,0.2042,0.9802,0.2902,0.0
23.2080,0.0362,0.9958,0.4222,0.0
23.2490,0.0362,0.9958,0.4222,0.0
23.2780,0.1007,0.9205,0.3899,0.0
23.2990,0.1007,0.9205,0.3899,0.0
23.3520,0.1544,0.9469,0.3459,0.0
23.3520,0.1544,0.9469,0.3459,0.0
23.3670,0.1544,0.9469,0.3459,0.0
23.4270,0.1603,0.9372,0.3665,0.0
23.4490,0.1603,0.9372,0.3665,0.0
23.4880,0.2081,0.9274,0.3274,0.0
23.4990,0.2081,0.9274,0.3274,0.0
23.5490,0.2081,0.9274,0.3274,0.0
23.5580,0.2081,0.9108,0.4153,0.0
23.5660,0.2081,0.9108,0.4153,0.0
23.5980,0.2081,0.9108,0.4153,0.0
23.6280,-0.1954,1.0202,0.2961,0.0
23.6490,-0.1954,1.0202,0.2961,0.0
23.6980,0.1857,0.9538,0.3313,0.0
23.7000,0.1857,0.9538,0.3313,0.0
23.7490,0.1857,0.9538,0.3313,0.0
23.7670,0.1857,0.9538,0.3313,0.0
23.7670,0.1642,0.9635,0.4065,0.0
23.7990,0.1642,0.9635,0.4065,0.0
